{"template":{"id":609051,"guid":"26c19c04-1bf3-49b7-b1e9-356350cf2549","type":"STANDARD","name":"Security - SB, Angular (k8s) Tech Stack","description":"Kubernetes ready Spring Boot and Angular Application Tech Stack \n\n1. Security controls codified \n2. Security embedded pipelines \n3. Security toll gated governance ","modifiedOn":1666238309.412000000,"tags":["Java","Maven","Web","K8S","Workflow","Spring Boot","Spring","Angular","NodeJS","Kubernetes"],"requiredPlugins":["edgeops-jenkins-plugin","edgeops-java-plugin","edgeops-nodejs-plugin","edgeops-gitlab-plugin"],"templateComponents":[{"id":609140,"code":"frontend","name":"Frontend module","guid":"b1a555dc-5811-4307-be0f-c765ee3bfbb2","description":"Frontend component module","imagePath":"storage:images/template-components/2e825f32-eebd-497b-96d2-eaecceac1c02.png","componentTypeCode":null,"pluginServices":["edgeops-nodejs-plugin:nodejs-scaffolding"],"fieldDescriptions":[{"name":"version","label":"Version","description":"","defaultValue":"1.0.0","type":"STRING","mandatory":true,"array":false,"runtime":false,"embedded":true,"autoAdded":true,"options":[]},{"name":"chart","label":"Chart","description":"","defaultValue":"${project.prefix?lower_case}-${component.code}-chart","type":"STRING","mandatory":true,"array":false,"runtime":false,"embedded":true,"autoAdded":true,"options":[]},{"name":"repository","label":"Repository","description":"","defaultValue":"${project.prefix?lower_case}-${component.code}","type":"STRING","mandatory":true,"array":false,"runtime":false,"embedded":true,"autoAdded":true,"options":[]},{"name":"host","label":"Host","description":"","defaultValue":"${project.prefix?lower_case}-${component.code}-${project.environment?lower_case}.${project.properties.domain}","type":"STRING","mandatory":true,"array":false,"runtime":false,"embedded":true,"autoAdded":true,"options":[]},{"name":"apiUrl","label":"API URL","description":"","defaultValue":"https://${project.prefix?lower_case}-${project.components[0].code}-${project.environment?lower_case}.${project.properties.domain}/","type":"STRING","mandatory":true,"array":false,"runtime":false,"embedded":true,"autoAdded":true,"options":[]},{"name":"healthUrl","label":"Health endpoint URL","description":"","defaultValue":"https://${component.properties.host}","type":"STRING","mandatory":true,"array":false,"runtime":false,"embedded":true,"autoAdded":false,"options":[]}],"appSources":[609052],"defaultAppSource":null},{"id":609137,"code":"backend","name":"Backend module","guid":"bd685426-965f-4153-8749-9ddd4b6f54b8","description":"Backend component module","imagePath":"storage:images/template-components/05c4d379-c7fb-43cf-a29c-759a23fe8722.png","componentTypeCode":null,"pluginServices":["edgeops-java-plugin:java-scaffolding"],"fieldDescriptions":[{"name":"groupId","label":"Group ID","description":"","defaultValue":"com.example","type":"STRING","mandatory":true,"array":false,"runtime":false,"embedded":true,"autoAdded":true,"options":[]},{"name":"artifactId","label":"Artifact ID","description":"","defaultValue":"demo","type":"STRING","mandatory":true,"array":false,"runtime":false,"embedded":true,"autoAdded":true,"options":[]},{"name":"version","label":"Version","description":"","defaultValue":"1.0.0","type":"STRING","mandatory":true,"array":false,"runtime":false,"embedded":true,"autoAdded":true,"options":[]},{"name":"springBootVersion","label":"Spring Boot version","description":"","defaultValue":"2.7.0","type":"STRING","mandatory":true,"array":false,"runtime":false,"embedded":true,"autoAdded":true,"options":[]},{"name":"repository","label":"Repository","description":"","defaultValue":"${project.prefix?lower_case}-${component.code}","type":"STRING","mandatory":true,"array":false,"runtime":false,"embedded":true,"autoAdded":true,"options":[]},{"name":"host","label":"Host","description":"","defaultValue":"${project.prefix?lower_case}-${component.code}-${project.environment?lower_case}.${project.properties.domain}","type":"STRING","mandatory":true,"array":false,"runtime":false,"embedded":true,"autoAdded":true,"options":[]},{"name":"chart","label":"Chart","description":"","defaultValue":"${project.prefix?lower_case}-${component.code}-chart","type":"STRING","mandatory":true,"array":false,"runtime":false,"embedded":true,"autoAdded":true,"options":[]},{"name":"healthUrl","label":"Health endpoint URL","description":"","defaultValue":"https://${component.properties.host}/actuator/health","type":"STRING","mandatory":true,"array":false,"runtime":false,"embedded":true,"autoAdded":true,"options":[]}],"appSources":[609101],"defaultAppSource":null}],"templatePipelines":[{"id":609147,"name":"Backend Security","guid":"45dab094-024c-44d2-8b34-ae0fb86b9a39","description":"Standard security pipeline","smallImagePath":null,"bigImagePath":null,"preferredToolType":"CISRV_JENKINS","componentId":609137,"fieldDescriptions":[]},{"id":609146,"name":"Jenkins Backend Deploy","guid":"577c9c17-0260-4a4f-8244-ac6b6e8ca01d","description":"Standard deploy pipeline","smallImagePath":null,"bigImagePath":null,"preferredToolType":"CISRV_JENKINS","componentId":609137,"fieldDescriptions":[]},{"id":609145,"name":"Jenkins Backend Build","guid":"890fc655-201b-4bdc-9f36-3f2ea572ac8f","description":"Standard pipeline with embedded security stages !","smallImagePath":"storage:images/pipeline-s-image-3e256dfa-56de-4837-911d-308cd6d82ba5","bigImagePath":"storage:images/pipeline-b-image-67c436d5-175e-4ece-8699-e296b9c6859d","preferredToolType":"CISRV_JENKINS","componentId":609137,"fieldDescriptions":[]},{"id":609144,"name":"Jenkins Frontend converted","guid":"2443584c-3687-4922-8a22-dc7ed9b0a8eb","description":"Standard pipeline converted from Graph","smallImagePath":"storage:images/pipeline-s-image-b03391f6-2531-4ea0-98a6-ab46b5fec414","bigImagePath":"storage:images/pipeline-b-image-2269c3a8-5fc5-4579-9df2-3c5f12c70dc0","preferredToolType":"CISRV_JENKINS","componentId":609140,"fieldDescriptions":[{"name":"jenkins_agent","label":"Jenkins Agent","description":"","defaultValue":"{ label 'chrome' }","type":"STRING","mandatory":false,"array":false,"runtime":false,"embedded":true,"autoAdded":false,"options":[]}]},{"id":609143,"name":"Gitlab Backend","guid":"c5a1e015-ee8c-42c4-a6e1-2cedc226b027","description":"","smallImagePath":null,"bigImagePath":null,"preferredToolType":"SCM_GL","componentId":609137,"fieldDescriptions":[]}],"templateWorkflows":[{"id":660265,"name":"Security Gate","description":null,"smallImagePath":"storage:images/workflow-s-image-15e91d61-a738-409f-841b-acf9b92dbe00","bigImagePath":"storage:images/workflow-b-image-221fe16c-4bb2-4cdf-9b93-a1a362782e9f","guid":"8985edb5-fa9f-4977-a658-c5f355b53ee1"}],"fieldDescriptions":[{"name":"domain","label":"Domain","description":"","defaultValue":"dagility.com","type":"STRING","mandatory":true,"array":false,"runtime":false,"embedded":true,"autoAdded":false,"options":[]},{"name":"wksp_memoryLimit","label":"Workspace Memory limit","description":"","defaultValue":"1Gi","type":"STRING","mandatory":false,"array":false,"runtime":false,"embedded":false,"autoAdded":false,"options":[]},{"name":"wksp_dockerImage","label":"Workspace Docker image","description":"","defaultValue":"artifactory.dagility.com/docker/che-dagility-workspace:latest","type":"STRING","mandatory":false,"array":false,"runtime":false,"embedded":false,"autoAdded":false,"options":[]},{"name":"shared_lib_url","label":"Shared Library URL","description":"","defaultValue":"https://gitlab.dagility.com/solution-factory/sf-jenkins-libraries-mirror","type":"STRING","mandatory":true,"array":false,"runtime":false,"embedded":false,"autoAdded":false,"options":[]},{"name":"shared_lib_creds","label":"Shared Library Credentials ID","description":"","defaultValue":"7335ace5-7a38-40d6-9cc6-f0169a6fca2c","type":"STRING","mandatory":true,"array":false,"runtime":false,"embedded":false,"autoAdded":false,"options":[]},{"name":"src_git_creds","label":"Sources GIT Credentials","description":"","defaultValue":"${project.properties.shared_lib_creds}","type":"STRING","mandatory":true,"array":false,"runtime":false,"embedded":false,"autoAdded":false,"options":[]}]},"appSources":[{"id":609052,"guid":"42556f5e-9bd6-4e9c-a833-c1f416501816"},{"id":609101,"guid":"579236df-8010-4fef-ba47-4d1081604e78"}],"componentsTypes":[],"imagesMap":{"storage:images/pipeline-s-image-3e256dfa-56de-4837-911d-308cd6d82ba5":"d71050ea-81ec-4ed6-980c-719faa43113a","storage:images/template-components/05c4d379-c7fb-43cf-a29c-759a23fe8722.png":"841eeee4-244c-4ca5-a90d-8a9d30fc4b0e","storage:images/pipeline-s-image-b03391f6-2531-4ea0-98a6-ab46b5fec414":"bc4080c3-8773-4485-bb9c-4186afabfdbb","storage:images/pipeline-b-image-2269c3a8-5fc5-4579-9df2-3c5f12c70dc0":"9d6d486b-b473-4b6d-afa3-494bd47540f0","storage:images/template-components/2e825f32-eebd-497b-96d2-eaecceac1c02.png":"8a227ef8-1bf9-4d6c-96e7-f911d918979a","storage:images/workflow-b-image-221fe16c-4bb2-4cdf-9b93-a1a362782e9f":"56ea2f89-2db6-4881-80c3-8026ae7b5ff1","storage:images/workflow-s-image-15e91d61-a738-409f-841b-acf9b92dbe00":"a63f70ab-c9a1-4c27-a448-8b4e91d870a1","storage:images/pipeline-b-image-67c436d5-175e-4ece-8699-e296b9c6859d":"ef3aaaf4-4d7e-4864-953d-cb3b18c60f4d"}}