{"blocks":[{"id":"phkbzp","name":"Build","type":"stage","properties":{"__ACTION_CODE":"fake_action","when":""},"isPostAction":false,"coords":{"x":240,"y":0,"width":180,"height":28,"endY":247},"collapsed":false},{"id":"dwtu5j","name":"clean","type":"step","properties":{"__ACTION_CODE":"f57e65f2-f909-4763-ade0-be592310cad6","parameters":"","__REF_PLUGIN":"edgeops-java-plugin@3.4.3"},"isPostAction":false,"tool":"Maven","instrumentImage":"storage:images/edgeops-java-plugin/maven.png","coords":{"x":280,"y":73,"width":140,"height":28,"endY":101},"isBrokenPipeline":false},{"id":"rs0v11","name":"install","type":"step","properties":{"__ACTION_CODE":"44eaa32a-cbd7-49de-8501-9aaf264df577","parameters":"-Dmaven.test.skip=true","__REF_PLUGIN":"edgeops-java-plugin@3.4.3"},"isPostAction":false,"tool":"Maven","instrumentImage":"storage:images/edgeops-java-plugin/maven.png","coords":{"x":280,"y":219,"width":140,"height":28,"endY":247},"isBrokenPipeline":false},{"id":"udkjn6","name":"Deploy","type":"stage","properties":{"__ACTION_CODE":"fake_action","when":""},"isPostAction":false,"coords":{"x":480,"y":0,"width":180,"height":28,"endY":758},"collapsed":false},{"id":"fmw4o7","name":"DockerPipelineScript","type":"stepGroup","properties":{"__ACTION_CODE":"161e54f2-7b65-4748-b15c-947657db7bea","credentialsId":null,"url":"https://artifactory.dagility.com","__REF_PLUGIN":"edgeops-jenkins-plugin@3.4.3","__CONFIGURED":false},"isPostAction":false,"tool":"Docker","instrumentImage":"storage:images/edgeops-jenkins-plugin/docker.png","coords":{"x":520,"y":73,"width":140,"height":28,"endY":247},"isBrokenPipeline":false},{"id":"ijhrf0","name":"helm-package","type":"step","properties":{"__ACTION_CODE":"a2534f72-6759-11ea-bc55-0242ac130003","chart_directory":"chart","__REF_PLUGIN":"edgeops-jenkins-plugin@3.4.3"},"isPostAction":false,"tool":"Kubernetes","instrumentImage":"storage:images/edgeops-jenkins-plugin/k8s.png","coords":{"x":520,"y":365,"width":140,"height":28,"endY":393},"isBrokenPipeline":false},{"id":"4j2evm","name":"Use Credentials","type":"stepGroup","properties":{"__ACTION_CODE":"095e5fa4-9d94-4819-bf32-fbe14ffebcb6","credentialsId":null,"password":"PASS","username":"USER","__REF_PLUGIN":"edgeops-jenkins-plugin@3.4.3","__CONFIGURED":false,"credentialsType":null,"alias":null},"isPostAction":false,"tool":"Jenkins","instrumentImage":"storage:images/edgeops-jenkins-plugin/jenkins.png","coords":{"x":520,"y":438,"width":140,"height":28,"endY":539},"isBrokenPipeline":false},{"id":"rvsu01","name":"helm-repo-add","type":"step","properties":{"__ACTION_CODE":"bbd28274-6759-11ea-bc55-0242ac1300030","repo_name":"${component.properties.repository}","repo_url":"https://artifactory.dagility.com/artifactory/helm","cli_username":"USER","cli_password":"PASS","credentials_id":null,"__REF_PLUGIN":"edgeops-jenkins-plugin@3.4.3","__CONFIGURED":true,"parameters":null},"isPostAction":false,"tool":"Kubernetes","instrumentImage":"storage:images/edgeops-jenkins-plugin/k8s.png","coords":{"x":520,"y":584,"width":140,"height":28,"endY":612},"isBrokenPipeline":false},{"id":"mesfnb","name":"helm-repo-update","type":"step","properties":{"__ACTION_CODE":"d3d916ee-6759-11ea-bc55-0242ac130003","__REF_PLUGIN":"edgeops-jenkins-plugin@3.4.3"},"isPostAction":false,"tool":"Kubernetes","instrumentImage":"storage:images/edgeops-jenkins-plugin/k8s.png","coords":{"x":520,"y":657,"width":140,"height":28,"endY":685},"isBrokenPipeline":false},{"id":"ixxrui","name":"helm-upgrade","type":"step","properties":{"__ACTION_CODE":"69571155-c63f-4521-bacf-d6675216ae66","cli_install":"True","cli_values":"chart-values.yaml","cli_namespace":"${project.environment?lower_case}","deployment_name":"${component.properties.repository}-deployment","chart":"${component.properties.repository}/${component.properties.chart}","__REF_PLUGIN":"edgeops-jenkins-plugin@3.4.3","parameters":"--set ingress.hosts[0].host=${component.properties.host}","__CONFIGURED":true},"isPostAction":false,"tool":"Kubernetes","instrumentImage":"storage:images/edgeops-jenkins-plugin/k8s.png","coords":{"x":520,"y":730,"width":140,"height":28,"endY":758},"isBrokenPipeline":false},{"id":"6v3qdc","name":"test","type":"step","properties":{"__ACTION_CODE":"dc9ce85e-e905-4286-871a-9db5cba8b2c1","__REF_PLUGIN":"edgeops-java-plugin@3.4.4","parameters":""},"isPostAction":false,"tool":"Maven","instrumentImage":"storage:images/edgeops-java-plugin/maven.png","isBrokenPipeline":false,"coords":{"x":280,"y":146,"width":140,"height":28,"endY":174}},{"id":"fdbbac","name":"execute","type":"step","properties":{"__ACTION_CODE":"7488b864-d484-4795-b1d1-a0c522bf2561","__REF_PLUGIN":"edgeops-jenkins-plugin@4.0.3","command":"curl -u$USER:$PASS -T ${component.properties.chart}-0.1.0.tgz 'https://artifactory.dagility.com/artifactory/helm-local/${component.properties.chart}-0.1.0.tgz' ","__CONFIGURED":true},"isPostAction":false,"tool":"Shell","instrumentImage":"storage:images/edgeops-jenkins-plugin/shell.png","isBrokenPipeline":false,"coords":{"x":560,"y":511,"width":140,"height":28,"endY":539}},{"id":"acbdfa","name":"execute","type":"step","properties":{"__ACTION_CODE":"7488b864-d484-4795-b1d1-a0c522bf2561","__REF_PLUGIN":"edgeops-jenkins-plugin@4.0.3","command":"docker push artifactory.dagility.com/docker/${component.properties.repository}:latest","__CONFIGURED":true},"isPostAction":false,"tool":"Shell","instrumentImage":"storage:images/edgeops-jenkins-plugin/shell.png","isBrokenPipeline":false,"coords":{"x":560,"y":219,"width":140,"height":28,"endY":247}},{"id":"facadb","name":"execute","type":"step","properties":{"__ACTION_CODE":"7488b864-d484-4795-b1d1-a0c522bf2561","__REF_PLUGIN":"edgeops-jenkins-plugin@4.0.3","command":"docker build -t artifactory.dagility.com/docker/${component.properties.repository}:latest .","__CONFIGURED":true},"isPostAction":false,"tool":"Shell","instrumentImage":"storage:images/edgeops-jenkins-plugin/shell.png","isBrokenPipeline":false,"coords":{"x":560,"y":146,"width":140,"height":28,"endY":174}},{"id":"rlklcw","name":"execute","type":"step","properties":{"__ACTION_CODE":"7488b864-d484-4795-b1d1-a0c522bf2561","__REF_PLUGIN":"edgeops-jenkins-plugin@3.4.4","command":"ln -sf /usr/local/bin/helm3 /usr/local/bin/helm"},"isPostAction":false,"tool":"Shell","instrumentImage":"storage:images/edgeops-jenkins-plugin/shell.png","isBrokenPipeline":false,"coords":{"x":520,"y":292,"width":140,"height":28,"endY":320}}],"connectors":[{"from":"fmw4o7","fromPort":"out","to":"rlklcw","toPort":"in"},{"from":"dwtu5j","fromPort":"out","to":"6v3qdc","toPort":"in"},{"from":"phkbzp","fromPort":"start","to":"dwtu5j","toPort":"in"},{"from":"phkbzp","fromPort":"out","to":"udkjn6","toPort":"in"},{"from":"udkjn6","fromPort":"start","to":"fmw4o7","toPort":"in"},{"from":"ijhrf0","fromPort":"out","to":"4j2evm","toPort":"in"},{"from":"4j2evm","fromPort":"out","to":"rvsu01","toPort":"in"},{"from":"rvsu01","fromPort":"out","to":"mesfnb","toPort":"in"},{"from":"mesfnb","fromPort":"out","to":"ixxrui","toPort":"in"},{"from":"6v3qdc","fromPort":"out","to":"rs0v11","toPort":"in"},{"from":"4j2evm","fromPort":"start","to":"fdbbac","toPort":"in"},{"from":"fmw4o7","fromPort":"start","to":"facadb","toPort":"in"},{"from":"facadb","fromPort":"out","to":"acbdfa","toPort":"in"},{"from":"rlklcw","fromPort":"out","to":"ijhrf0","toPort":"in"}],"globalVariables":{"id":"jd1ppd","name":"Global Variables","type":"globalVariables","properties":{"__ACTION_CODE":"fake_action","script":""},"isPostAction":false,"coords":{"x":0,"y":0,"width":180,"height":28,"endY":28},"collapsed":false},"postActions":null,"children":{"phkbzp":["dwtu5j","6v3qdc","rs0v11"],"udkjn6":["fmw4o7","rlklcw","ijhrf0","4j2evm","rvsu01","mesfnb","ixxrui"],"4j2evm":["fdbbac"],"fmw4o7":["facadb","acbdfa"]}}