{"template":{"id":625845,"guid":"7d243ae9-a7c3-42e7-810f-9df895451ed1","type":"CUSTOM","name":"A Template!","description":"","modifiedOn":1663247472.746000000,"tags":[],"requiredPlugins":[],"templateComponents":[{"id":625866,"code":"atemplatecomponent","name":"A Template Component","guid":"0099774d-adc0-4716-9b8c-4ee5efdda88b","description":"","imagePath":"","componentTypeCode":null,"pluginServices":[],"fieldDescriptions":[],"appSources":[625867],"defaultAppSource":null}],"templatePipelines":[{"id":625865,"name":"A Template Pipeline","guid":"a70dcc3b-adda-439b-a835-c6bdbca86f20","description":"","smallImagePath":null,"bigImagePath":null,"preferredToolType":null,"componentId":625866,"fieldDescriptions":[]}],"templateWorkflows":[],"fieldDescriptions":[]},"appSources":[{"id":625867,"guid":"b879cc6e-6389-44ff-91b3-2c8d87261aa9"}],"componentsTypes":[],"imagesMap":{}}